<?xml version="1.0" encoding="utf-8"?>
<!-- EVERSPRING AD147 ON/OFF MODULE -->
<!-- Information from http://www.pepper1.net/zwavedb/device/686 -->
<Product xmlns='http://code.google.com/p/open-zwave/'>
  <!-- Configuration Parameters -->
  <CommandClass id="112">
    <Value type="short" index="1" genre="config" label="Basic Set Command value" units="" min="0" max="255" value="255">
      <Help>
	0 is off. 1 to 99 sets output level at specified value. 
255 sets output level at last memorized level
      </Help>
    </Value>
    <Value type="byte" index="2" genre="config" label="Delay Time" units="seconds" min="3" max="25" value="3">
      <Help>
	Delaying time to report to Group 1
      </Help>
    </Value>
    <Value type="byte" index="3" genre="config" label="Last Status" units="" min="0" max="1" value="1">
      <Help>
	Remember the last status: 0 (do not remember) | 1 (remember)
      </Help>
    </Value>
    <Value type="byte" index="4" genre="config" label="Output Mode" units="" min="0" max="1" value="0">
      <Help>
	Output mode setting: 0 (dimming) | 1 (on/off)
      </Help>
    </Value>
  </CommandClass>

  <!-- Association Groups -->
  <CommandClass id="133">
    <Associations num_groups="2">
      <Group index="1" max_associations="1" label="Reports" auto="true" />
      <Group index="2" max_associations="4" label="Basic"/>
    </Associations>
  </CommandClass>
</Product>
