<?xml version="1.0" encoding="utf-8"?>
<!-- Aeon Labs Door/Window Sensor -->
<Product xmlns='http://code.google.com/p/open-zwave/'>

	<!-- Configuration Parameters -->
	<CommandClass id="112">
		<Value type="list" genre="config" instance="1" index="1" label="Toggle the sensor binary report value when the Magnet switch is opened/closed." min="0" max="1" value="0" size="1">
			<Help>Default setting: Open: FF, Close: 00</Help>
			<Item label="Open: FF, Close: 00" value="0"/>
			<Item label="Open: 00, Close: FF" value="1"/>
		</Value>
		<Value type="list" genre="config" instance="1" index="2" label="Enable wake up 10 minutes when the power is switched on." min="0" max="1" value="0" size="1">
			<Help>Default setting: Disable</Help>
			<Item label="Disable" value="0"/>
			<Item label="Enable" value="1"/>
		</Value>
		<Value type="list" genre="config" instance="1" index="3" label="Toggle the basic set value when Magnet switch is opened/closed." min="0" max="1" value="0" size="1">
			<Help>Default setting: Open: FF, Close: 00</Help>
			<Item label="Open: FF, Close: 00" value="0"/>
			<Item label="Open: 00, Close: FF" value="1"/>
		</Value>
		<Value type="int" genre="config" instance="1" index="121" label="Determines which report will be sent when Magnet switch is opened/ closed." min="0" max="65535" value="17" size="4">
			<Help>Which reports need to send automatically in timing intervals for group 1. Bitsets: 0->Battery report, 4->Sensor Binary, 8->Basic Set, Default setting: 0x00000100 (Basic Set)
			Ideal Setting for OZW is 17 (Sensor Binary and Battery Report)</Help>
		</Value>
		<Value type="short" index="254" genre="config" label="Device Tag" units="" min="0" max="255" value="0">
			<Help>Device Tag</Help>
		</Value>
		<Value type="button" index="255" genre="config" label="Reset configuration settings to factory defaults" write_only="true" value="0" >
			<Help>Reset to factory defaults.</Help>
		</Value>
	</CommandClass>

	<!-- Basic set as report -->
	<CommandClass id="32" setasreport="true"/>

	<!-- Association Groups -->
	<CommandClass id="133">		
		<Associations num_groups="1">
			<Group index="1" max_associations="6" label="Reports" auto="true"/>
		</Associations>
	</CommandClass>

</Product>
