{
		"name": "Fortrezz SSA-02",
        "configuration" : {
        "conf_version" : 1
		},
        "commands": [
            {
				"name": "Flash Off / Siren Off",
				"type": "action",
				"subtype": "other",
				"isVisible": 1,
				"configuration": {
					"class": "0x26",
					"instanceId": 0,
					"value": "data[0].Set(0)"
				}
            },
            {
				"name": "Flash On / Siren Off",
				"type": "action",
				"subtype": "other",
				"isVisible": 1,
				"configuration": {
					"class": "0x26",
					"instanceId": 0,
					"value": "data[0].Set(33)"
				}
            },
            {
				"name": "Flash Off / Siren On",
				"type": "action",
				"subtype": "other",
				"isVisible": 1,
				"configuration": {
					"class": "0x26",
					"instanceId": 0,
					"value": "data[0].Set(66)"
				}
            },
            {
				"name": "Flash On / Siren On",
				"type": "action",
				"subtype": "other",
				"isVisible": 1,
				"configuration": {
					"class": "0x26",
					"instanceId": 0,
					"value": "data[0].Set(99)"
				}
            }
        ]
    }