{
		"name": "Aeon Labs Double microSwitch G2",
        "configuration" : {
        "conf_version" : 1
		},
        "commands": [
            {
                "name": "On 1",
                "type": "action",
                "subtype": "other",
                "isVisible":1,
                "configuration": {
                    "class": "0x25",
					"instanceId": 1,
                    "value": "data[0].Set(255)"
                }
            },
            {
                "name": "Off 1",
                "type": "action",
                "subtype": "other",
                "isVisible":1,
                "configuration": {
                    "class": "0x25",
					"instanceId": 1,
                    "value": "data[0].Set(0)"
                }
            },
            {
                "name": "Etat 1",
                "type": "info",
                "subtype": "binary",
                "unite": "",
                "isVisible": 1,
                "configuration": {
                    "class": "0x25",
                    "instanceId": 1,
                    "value": "data[0].val"
                }
            },
            {
                "name": "On 2",
                "type": "action",
                "subtype": "other",
                "isVisible":1,
                "configuration": {
                    "class": "0x25",
					"instanceId": 2,
                    "value": "data[0].Set(255)"
                }
            },
            {
                "name": "Off2",
                "type": "action",
                "subtype": "other",
                "isVisible":1,
                "configuration": {
                    "class": "0x25",
					"instanceId": 2,
                    "value": "data[0].Set(0)"
                }
            },
            {
                "name": "Etat2",
                "type": "info",
                "subtype": "binary",
                "unite": "",
                "isVisible": 1,
                "configuration": {
                    "class": "0x25",
                    "instanceId": 2,
                    "value": "data[0].val"
                }
            },
			{
                "name": "Puissance",
                "type": "info",
                "subtype": "numeric",
                "isVisible": 0,
                "isHistorized": 1,
				"unite": "W",
                "configuration": {
                    "class": "0x31",
					"instanceId": 0,
                    "value": "data[4].val",
					"maxValue": 1150,
                    "minValue": 0
                }
            },
            {
                "name": "Consommation",
                "type": "info",
                "subtype": "numeric",
                "isVisible": 0,
                "isHistorized": 0,
				"unite": "kWh",
                "configuration": {
                    "class": "0x32",
					"instanceId": 0,
                    "value": "data[0].val"
                }
            }
        ]
    }
