{
		"name": "Aeon Labs Insert Dimmer",
		"configuration" : {
        "conf_version" : 1
		},
        "commands": [
            {
                "name": "On",
                "type": "action",
                "subtype": "other",
                "isVisible":1,
                "configuration": {
                    "class": "0x26",
					"instanceId": 0,
                    "value": "data[0].Set(99)"
                }
            },
            {
                "name": "Off",
                "type": "action",
                "subtype": "other",
                "isVisible":1,
                "configuration": {
                    "class": "0x26",
					"instanceId": 0,
                    "value": "data[0].Set(0)"
                }
            },
            {
                "name": "Intensité",
                "type": "action",
                "subtype": "slider",
                "isVisible":1,
                "value": "Etat",
                "configuration": {
                    "class": "0x26",
					"instanceId": 0,
                    "value": "data[0].Set(#slider#)",
                    "minValue": 0,
                    "maxValue": 100
                },
                "template": {
                    "dashboard": "light",
                    "mobile": "light"
                }
            },
			{
                "name": "Etat",
                "type": "info",
                "subtype": "numeric",
                "unite": "%",
                "isVisible": 0,
                "configuration": {
                    "class": "0x26",
                    "instanceId": 0,
                    "value": "data[0].val",
                    "minValue": 0,
                    "maxValue": 100
                }
            },
			{
                "name": "Puissance",
                "type": "info",
                "subtype": "numeric",
                "isVisible": 0,
                "isHistorized": 1,
				"unite": "W",
                "configuration": {
                    "class": "0x31",
					"instanceId": 0,
                    "value": "data[4].val",
					"maxValue": 2500,
                    "minValue": 0
                }
            },
            {
                "name": "Consommation",
                "type": "info",
                "subtype": "numeric",
                "isVisible": 0,
                "isHistorized": 0,
				"unite": "kWh",
                "configuration": {
                    "class": "0x32",
					"instanceId": 0,
                    "value": "data[0].val"
                }
            }
        ]
    }

