{
		"name": "Aeon HEM",
		"configuration" : {
        "conf_version" : 1
		},
        "commands": [
            {
                "name": "P1_Power_Consum",
                "type": "info",
                "subtype": "numeric",
                "isVisible":1,
                "isHistorized": 1,
				"unite": "W",
                "configuration": {
                    "class": "0x31",
					"instanceId": 1,
                    "value": "data[4].val",
					"maxValue": 6000,
                    "minValue": 0
                }
            },
			{
                "name": "P2_Power_Consum",
                "type": "info",
                "subtype": "numeric",
                "isVisible": 0,
                "isHistorized": 0,
				"unite": "W",
                "configuration": {
                    "class": "0x31",
					"instanceId": 2,
                    "value": "data[4].val",
					"maxValue": 6000,
                    "minValue": 0
                }
            },
			{
                "name": "P3_Power_Consum",
                "type": "info",
                "subtype": "numeric",
                "isVisible": 0,
                "isHistorized": 0,
				"unite": "W",
                "configuration": {
                    "class": "0x31",
					"instanceId": 3,
                    "value": "data[4].val",
					"maxValue": 6000,
                    "minValue": 0
                }
            },
            {
                "name": "P1_Electric_Consum",
                "type": "info",
                "subtype": "numeric",
                "isVisible": 0,
                "isHistorized": 0,
				"unite": "W",
                "configuration": {
                    "class": "0x32",
					"instanceId": 1,
                    "value": "data[2].val",
					"maxValue": 6000,
                    "minValue": 0
                }
            },
			{
                "name": "P2_Electric_Consum",
                "type": "info",
                "subtype": "numeric",
                "isVisible": 0,
                "isHistorized": 0,
				"unite": "W",
                "configuration": {
                    "class": "0x32",
					"instanceId": 2,
                    "value": "data[2].val",
					"maxValue": 6000,
                    "minValue": 0
                }
            },
			{
                "name": "P3_Electric_Consum",
                "type": "info",
                "subtype": "numeric",
                "isVisible": 0,
                "isHistorized": 0,
				"unite": "W",
                "configuration": {
                    "class": "0x32",
					"instanceId": 3,
                    "value": "data[2].val",
					"maxValue": 6000,
                    "minValue": 0
                }
            },
			{
                "name": "Tri_Power_Consum",
                "type": "info",
                "subtype": "numeric",
                "isVisible": 0,
                "isHistorized": 0,
				"unite": "W",
                "configuration": {
                    "class": "0x31",
					"instanceId": 0,
                    "value": "data[4].val",
					"maxValue": 6000,
                    "minValue": 0
                }
            },
			{
                "name": "Tri_Electric_Consum",
                "type": "info",
                "subtype": "numeric",
                "isVisible": 0,
                "isHistorized": 0,
				"unite": "W",
                "configuration": {
                    "class": "0x32",
					"instanceId": 0,
                    "value": "data[2].val",
					"maxValue": 6000,
                    "minValue": 0
                }
            },
			{
                "name": "Batterie",
                "type": "info",
                "subtype": "numeric",
                "isVisible": 0,
                "isHistorized": 0,
				"unite": "%",
                "configuration": {
                    "class": "0x80",
					"instanceId": 0,
                    "value": "data[0].val",
					"maxValue": 100,
                    "minValue": 0
                }
            },
			{
                "name": "P1_Electric_Consum_kWh",
                "type": "info",
                "subtype": "numeric",
                "isVisible": 1,
                "isHistorized": 1,
				"unite": "kWh",
                "configuration": {
                    "class": "0x32",
					"instanceId": 1,
                    "value": "data[0].val",
					"maxValue": 80,
                    "minValue": 0
                }
            },
			{
                "name": "P2_Electric_Consum_kWh",
                "type": "info",
                "subtype": "numeric",
                "isVisible": 0,
                "isHistorized": 0,
				"unite": "kWh",
                "configuration": {
                    "class": "0x32",
					"instanceId": 2,
                    "value": "data[0].val",
					"maxValue": 80,
                    "minValue": 0
                }
            },
			{
                "name": "P3_Electric_Consum_kWh",
                "type": "info",
                "subtype": "numeric",
                "isVisible": 0,
                "isHistorized": 0,
				"unite": "kWh",
                "configuration": {
                    "class": "0x32",
					"instanceId": 3,
                    "value": "data[0].val",
					"maxValue": 80,
                    "minValue": 0
                }
            },
			{
                "name": "Tri_Electric_Consum_kWh",
                "type": "info",
                "subtype": "numeric",
                "isVisible": 0,
                "isHistorized": 0,
				"unite": "kWh",
                "configuration": {
                    "class": "0x32",
					"instanceId": 0,
                    "value": "data[0].val",
					"maxValue": 80,
                    "minValue": 0
                }
            }
        ]
    }

