{		
		"name": "Aeon Labs Siren ZW080",
         "configuration" : {
        "conf_version" : 1
		},
        "commands": [
            {
                "name": "Etat",
                "type": "info",
                "subtype": "binary",
                "isVisible": 1,
                "isHistorized": 0,
                "unite": "",
                "configuration": {
                    "class": "0x25",
                    "value": "data[0].val"
                },
				"display": { 
					"invertBinary": 1 
				}, 
				"template": { 
					"dashboard": "alert", 
					"mobile": "alert" 
				} 
            },
            {
                "name": "On",
                "type": "action",
                "subtype": "other",
                "isVisible": 1,
                "configuration": {
                    "class": "0x25",
                    "value": "data[0].Set(255)"
                }
            },
            {
                "name": "Off",
                "type": "action",
                "subtype": "other",
                "isVisible": 1,
                "configuration": {
                    "class": "0x25",
                    "value": "data[0].Set(0)"
                }
            }
        ]
	}

