{
		"name": "Benext Scene Controller EU telecommande 7 boutons",
        "configuration" : {
        "conf_version" : 1
		},
        "commands": [
            {
                "name": "Scene",
                "type": "info",
                "subtype": "numeric",
                "isVisible": 1,
                "isHistorized": 0,
                "configuration": {
                    "class": "0x5b",
                    "maxValue": 14,
                    "minValue": 0,
                    "value": "data[0].val"
                },
                "template": {
                    "dashboard": "badge",
                    "mobile": "badge"
                }
            }
        ]
    }
