{
	"name": "Benext Plug In Dimmer",
    "configuration" : {
        "conf_version" : 1
		},
    "commands": [
      {
        "name": "Intensité",
        "type": "action",
        "subtype": "slider",
        "isVisible": 1,
        "value": "Etat",
        "configuration": {
          "class": "0x26",
          "value": "data[0].Set(#slider#)"
        },
        "template": {
          "dashboard": "prise",
          "mobile": "prise"
        }
      },
      {
        "name": "On",
        "type": "action",
        "subtype": "other",
        "isVisible": 1,
        "configuration": {
          "class": "0x26",
          "value": "data[0].Set(99)"
        }
      },
      {
        "name": "Off",
        "type": "action",
        "subtype": "other",
        "isVisible": 1,
        "configuration": {
          "class": "0x26",
          "value": "data[0].Set(0)"
        }
      },
      {
        "name": "Etat",
        "type": "info",
        "subtype": "numeric",
        "unite": "%",
        "isVisible": 1,
        "configuration": {
          "class": "0x26",
          "value": "data[0].val",
          "minValue": 0,
          "maxValue": 100
        }
      },
      {
        "name": "Puissance",
        "type": "info",
        "subtype": "numeric",
        "unite": "W",
        "isVisible": 1,
        "configuration": {
          "class": "0x32",
          "value": "data[2].val",
          "minValue": 0,
          "maxValue": 125
        }
      },
      {
        "name": "Consommation",
        "type": "info",
        "subtype": "numeric",
        "unite": "kWh",
        "isVisible": 1,
        "configuration": {
          "class": "0x32",
          "value": "data[0].val"
        }
      }
    ]
  }
