{
	"name": "NorthQ Power Reader",
    "configuration" : {
    "conf_version" : 1
	},
        "commands": [
			{
                "name": "Consommation",
                "type": "info",
                "subType": "numeric",
                "isHistorized": "0",
				"unite": "kwH",
				"isVisible": 1,
                "configuration": {
                    "instanceId": "0",
                    "class": "0x32",
                    "value": "data[0].val"
                }
            },
			{
				"name": "Batterie",
				"type": "info",
				"subtype": "numeric",
				"isVisible": 0,
				"isHistorized": 0,
				"unite": "%",
				"configuration": {
					"class": "0x80",
					"value": "data[0].val"
				}
			}
        ]
    }
