{
	"name" : "Powernode 1",
    "configuration" : {
        "conf_version" : 1
    },
    "commands": [
            {
                "name": "Etat",
                "type": "info",
                "subType": "binary",
                "isHistorized": "0",
                "eventOnly": "1",
                "configuration": {
                    "class": "0x25",
                    "instanceId": "0",
                    "value": "data[0].val"
                },
                "display": {
                    "invertBinary": "0"
                },
                "isVisible": "0"
            },
            {
                "name": "On",
                "type": "action",
                "subType": "other",
                "isHistorized": "0",
                "eventOnly": "0",
                "configuration": {
                    "class": "0x25",
                    "instanceId": "0",
                    "value": "data[0].Set(255)"
                },
                "template": {
                    "dashboard": "prise",
                    "mobile": "prise"
                },
                "display": {
                    "invertBinary": "0"
                },
                "value": "Etat",
                "isVisible": "1"
            },
            {
                "name": "Off",
                "type": "action",
                "subType": "other",
                "isHistorized": "0",
                "eventOnly": "0",
                "configuration": {
                    "class": "0x25",
                    "instanceId": "0",
                    "value": "data[0].Set(0)"
                },
                "template": {
                    "dashboard": "prise",
                    "mobile": "prise"
                },
                "display": {
                    "invertBinary": "0"
                },
                "value": "Etat",
                "isVisible": "1"
            },
            {
                "name": "Reset",
                "type": "action",
                "subType": "other",
                "isHistorized": "0",
                "eventOnly": "0",
                "configuration": {
                    "class": "0x32",
                    "instanceId": "0",
                    "value": "data[33].PressButton()"
                },
                "display": {
                    "invertBinary": "0"
                },
                "isVisible": "0"
            },
            {
                "name": "Puissance",
                "type": "info",
                "subType": "numeric",
                "isHistorized": "1",
                "unite": "W",
                "eventOnly": "1",
                "configuration": {
                    "class": "0x32",
                    "instanceId": "0",
                    "value": "data[8].val",
                    "maxValue": "2500",
                    "minValue": "0"
                },
                "template": {
                    "dashboard": "default",
                    "mobile": "default"
                },
                "display": {
                    "invertBinary": "0"
                },
                "isVisible": "1"
            },
            {
                "name": "Consommation",
                "type": "info",
                "subType": "numeric",
                "isHistorized": "0",
                "unite": "kWh",
                "eventOnly": "1",
                "configuration": {
                    "class": "0x32",
                    "instanceId": "0",
                    "value": "data[0].val"
                },
                "template": {
                    "dashboard": "tile",
                    "mobile": "tile"
                },
                "display": {
                    "invertBinary": "0"
                },
                "isVisible": "1"
            }
        ]
}