{
		"name": "Danfoss Thermostat Living Connect + retour consigne",
		"configuration" : {
        "conf_version" : 1
		},
        "commands": [
            {
                "name": "Commande",
                "type": "action",
                "subtype": "slider",
                "isVisible": 1,
                "isHistorized": 0,
				"unite": "°C",
                "configuration": {
                    "class": "0x43",
					"instanceId": 0,
                    "value": "data[1].Set(#slider#)",
					"maxValue": 28,
                    "minValue": 4
                }
            },
            {
                "name": "Consigne",
                "type": "info",
                "subtype": "numeric",
                "isVisible": 1,
                "isHistorized": 0,
				"unite": "°C",
                "configuration": {
                    "class": "0x43",
					"instanceId": 0,
                    "value": "data[1].val",
					"maxValue": 28,
                    "minValue": 0
                }
            },          
            {
                "name": "Batterie",
                "type": "info",
                "subtype": "numeric",
                "isVisible": 0,
                "isHistorized": 0,
				"unite": "%",
                "configuration": {
                    "class": "0x80",
					"instanceId": 0,
                    "value": "data[0].val",
					"maxValue": 100,
                    "minValue": 0
                }
            }          
        ]      
}
