{
		"name": "Détecteur ouverture porte Vision Security ZG 8101",
        "configuration" : {
        "conf_version" : 1
		},
        "commands": [
            {
                "name": "Batterie",
                "type": "info",
                "subtype": "numeric",
                "isVisible": 0,
                "isHistorized": 0,
                "configuration": {
                    "class": "0x80",
                    "instanceId": 0,
                    "value": "data[0].val",
                    "unite": "%"
                }
            },
			{
               "name": "Etat",
                "type": "info",
                "subtype": "binary",
                "isVisible": 1,
                "isHistorized": 0,
                "configuration": {
                    "class": "0x71",
                    "instanceId": 0,
                    "value": "data[0].val"
                }
            }
        ]
    }
