{
		"name": "Vision Security ZS6301",
        "configuration" : {
        "conf_version" : 1
		},
        "commands": [
		{
                "name": "Alarm",
                "type": "info",
                "subtype": "binaire",
                "isVisible": 1,
				"isHistorized": 1,
                "configuration": {
                    "class": "0x30",
                    "value": "data[0].val"
                }
            },
            {
                "name": "Batterie",
                "type": "info",
                "subtype": "numeric",
                "isVisible": 0,
				"isHistorized": 1,
                "configuration": {
                    "class": "0x80",
                    "value": "data[0].val"
                }
            }
            
        ]
	}

