{
		"name": "Vision Security Smoke Detector ZS 6101",
        "configuration" : {
        "conf_version" : 1
		},
        "commands": [
		    {
			    "name": "Fumées",
			    "type": "info",
			    "subtype": "binary",
			    "isVisible": 1,
			    "configuration": {
			        "class": "0x30",
			        "instanceId": 0,
			        "value": "data[0].val"
			    },
			    "display": {
			        "invertBinary": "1"
			    },
			    "template": {
			        "dashboard": "feu",
			        "mobile": "feu"
                }
            },
            {
                "name": "Battery",
                "type": "info",
                "subtype": "numeric",
                "unite": "%",
                "isVisible": 0,
                "configuration": {
                    "class": "0x80",
                    "instanceId": 0,
                    "value": "data[0].val"
                },
                "template": {
                    "dashboard": "tile",
                    "mobile": "tile"
                }
            }
        ]
    }

