{
		"name": "Vision Security ZD2102",
		"configuration" : {
        "conf_version" : 1
		},
		"commands": [
			{
				"name": "Ouverture",
				"type": "info",
				"subtype": "binary",
				"isVisible": 1,
				"isHistorized": 0,
				"configuration": {
					"class": "0x30",
					"value": "data[0].val"
				},
				"display": {
					"invertBinary": "1"
				},
				"template": {
					"dashboard": "door",
					"mobile": "door"
				}
			},
			{
				"name": "Batterie",
				"type": "info",
				"subtype": "numeric",
				"isVisible": 0,
				"isHistorized": 0,
				"unite": "%",
				"configuration": {
					"class": "0x80",
					"value": "data[0].val"
				}
			}
		]
	}
