 {
		"name": "Vision Security ZS 5101",
        "configuration" : {
        "conf_version" : 1
		},
        "commands": [
            {
                "name": "Batterie",
                "type": "info",
                "subtype": "numeric",
                "isVisible": 0,
                "isHistorized": 0,
                "configuration": {
                    "instanceId": 0,
                    "class": "0x80",
                    "value": "data[0].val",
                    "unite": "%"
                }
            },
            {
                "name": "Etat",
                "type": "info",
                "subtype": "binary",
                "isVisible": 1,
                "isHistorized": 0,
                "configuration": {
                    "instanceId": 0,
                    "class": "0x71",
                    "value": "ddata[0].val",
                    "returnStateTime": "1",
                    "returnStateValue": 0
                },
                "display": {
                    "invertBinary": "1"
                },
                "template": {
                    "dashboard": "choc",
                    "mobile": "choc"
                }
            }
        ]
    }
