{
		"name": "Vitrum ZWE060",
        "configuration" : {
        "conf_version" : 1
		},
        "commands": [
            {
                "name": "Etat",
                "type": "info",
                "subType": "binary",
                "isHistorized": "0",
                "configuration": {
                    "instanceId": "0",
                    "class": "0x26",
                    "value": "data[0].val"
                },
                "isVisible": "0"
            },
            {
                "name": "On",
                "type": "action",
                "subType": "other",
                "isHistorized": "0",
                "configuration": {
                    "instanceId": "0",
                    "class": "0x26",
                    "value": "data[0].Set(255)"
                },
                "template": {
                    "dashboard": "light",
                    "mobile": "light"
                },
                "value": "Etat",
                "isVisible": "1"
            },
            {
                "name": "Off",
                "type": "action",
                "subType": "other",
                "isHistorized": "0",
                "configuration": {
                    "instanceId": "0",
                    "class": "0x26",
                    "value": "data[0].Set(0)"
                },
                "template": {
                    "dashboard": "light",
                    "mobile": "light"
                },
                "value": "Etat",
                "isVisible": "1"
            },
            {
                "name": "Etat2",
                "type": "info",
                "subType": "binary",
                "isHistorized": "0",
                "configuration": {
                    "instanceId": "2",
                    "class": "0x26",
                    "value": "data[0].val"
                },
                "isVisible": "0"
            },
            {
                "name": "On2",
                "type": "action",
                "subType": "other",
                "isHistorized": "0",
                "configuration": {
                    "instanceId": "2",
                    "class": "0x26",
                    "value": "data[0].Set(255)"
                },
                "template": {
                    "dashboard": "light",
                    "mobile": "light"
                },
                "value": "Etat2",
                "isVisible": "1"
            },
            {
                "name": "Off2",
                "type": "action",
                "subType": "other",
                "isHistorized": "0",
                "configuration": {
                    "instanceId": "2",
                    "class": "0x26",
                    "value": "data[0].Set(0)"
                },
                "template": {
                    "dashboard": "light",
                    "mobile": "light"
                },
                "value": "Etat2",
                "isVisible": "1"
            },
            {
                "name": "Etat3",
                "type": "info",
                "subType": "binary",
                "isHistorized": "0",
                "configuration": {
                    "instanceId": "3",
                    "class": "0x26",
                    "value": "data[0].val"
                },
                "isVisible": "0"
            },
            {
                "name": "On3",
                "type": "action",
                "subType": "other",
                "isHistorized": "0",
                "configuration": {
                    "instanceId": "3",
                    "class": "0x26",
                    "value": "data[0].Set(255)"
                },
                "template": {
                    "dashboard": "light",
                    "mobile": "light"
                },
                "value": "Etat3",
                "isVisible": "1"
            },
            {
                "name": "Off3",
                "type": "action",
                "subType": "other",
                "isHistorized": "0",
                "configuration": {
                    "instanceId": "3",
                    "class": "0x26",
                    "value": "data[0].Set(0)"
                },
                "template": {
                    "dashboard": "light",
                    "mobile": "light"
                },
                "value": "Etat3",
                "isVisible": "1"
            },
            {
                "name": "Etat4",
                "type": "info",
                "subType": "binary",
                "isHistorized": "0",
                "configuration": {
                    "instanceId": "4",
                    "class": "0x26",
                    "value": "data[0].val"
                },
                "isVisible": "0"
            },
            {
                "name": "On4",
                "type": "action",
                "subType": "other",
                "isHistorized": "0",
                "configuration": {
                    "instanceId": "4",
                    "class": "0x26",
                    "value": "data[0].Set(255)"
                },
                "template": {
                    "dashboard": "light",
                    "mobile": "light"
                },
                "value": "Etat4",
                "isVisible": "1"
            },
            {
				"name": "Off4",
                "type": "action",
                "subType": "other",
                "isHistorized": "0",
                "configuration": {
                    "instanceId": "4",
                    "class": "0x26",
                    "value": "data[0].Set(0)"
                },
                "template": {
                    "dashboard": "light",
                    "mobile": "light"
                },
                "value": "Etat4",
                "isVisible": "1"
            },
            {
                "name": "Etat5",
                "type": "info",
                "subType": "binary",
                "isHistorized": "0",
                "configuration": {
                    "instanceId": "5",
                    "class": "0x26",
                    "value": "data[0].val"
                },
                "isVisible": "0"
            },
            {
                "name": "On5",
                "type": "action",
                "subType": "other",
                "isHistorized": "0",
                "configuration": {
                    "instanceId": "5",
                    "class": "0x26",
                    "value": "data[0].Set(255)"
                },
                "template": {
                    "dashboard": "light",
                    "mobile": "light"
                },
                "value": "Etat5",
                "isVisible": "1"
            },
            {
                "name": "Off5",
                "type": "action",
                "subType": "other",
                "isHistorized": "0",
                "configuration": {
                    "instanceId": "5",
                    "class": "0x26",
                    "value": "data[0].Set(0)"
                },
                "template": {
                    "dashboard": "light",
                    "mobile": "light"
                },
                "value": "Etat5",
                "isVisible": "1"
            },
            {
                "name": "Etat6",
                "type": "info",
                "subType": "binary",
                "isHistorized": "0",
                "configuration": {
                    "instanceId": "6",
                    "class": "0x26",
                    "value": "data[0].val"
                },
                "isVisible": "0"
            },
            {
                "name": "On6",
                "type": "action",
                "subType": "other",
                "isHistorized": "0",
                "configuration": {
                    "instanceId": "6",
                    "class": "0x26",
                    "value": "data[0].Set(255)"
                },
                "template": {
                    "dashboard": "light",
                    "mobile": "light"
                },
                "value": "Etat6",
                "isVisible": "1"
            },
            {
               "name": "Off6",
                "type": "action",
                "subType": "other",
                "isHistorized": "0",
                "configuration": {
                    "instanceId": "6",
                    "class": "0x26",
                    "value": "data[0].Set(0)"
                },
                "template": {
                    "dashboard": "light",
                    "mobile": "light"
                },
                "value": "Etat6",
                "isVisible": "1"
            }
        ]
    }