{
    "name": "Fibaro FGS-221 Double charge",
    "configuration" : {
        "conf_version" : 1
    },
    "commands": [
        {
            "name": "On 1",
            "type": "action",
            "subtype": "other",
            "isVisible": 1,
            "configuration": {
                "class": "0x25",
                "instanceId": 0,
                "value": "data[0].Set(255)"
            }
        },
        {
            "name": "Off 1",
            "type": "action",
            "subtype": "other",
            "isVisible": 1,
            "configuration": {
                "class": "0x25",
                "instanceId": 0,
                "value": "data[0].Set(0)"
            }
        },
        {
            "name": "Etat 1",
            "type": "info",
            "subtype": "binary",
            "isVisible": 1,
            "configuration": {
                "class": "0x25",
                "instanceId": 0,
                "value": "data[0].val"
            }
        },
        {
            "name": "On 2 ",
            "type": "action",
            "subtype": "other",
            "isVisible": 1,
            "configuration": {
                "class": "0x25",
                "instanceId": 1,
                "value": "data[0].Set(255)"
            }
        },
        {
            "name": "Off 2 ",
            "type": "action",
            "subtype": "other",
            "isVisible": 1,
            "configuration": {
                "class": "0x25",
                "instanceId": 1,
                "value": "data[0].Set(0)"
            }
        },
        {
            "name": "Etat 2",
            "type": "info",
            "subtype": "binary",
            "isVisible": 1,
            "configuration": {
                "class": "0x25",
                "instanceId": 1,
                "value": "data[0].val"
            }
        }
    ]
}