{
	"name" : "Fibaro FGWPE [Wall Plug]",
    "configuration" : {
        "conf_version" : 1
    },
    "commands": [
			{
                "name": "Etat",
                "type": "info",
                "subtype": "binary",
                "isVisible": 0,
                "isHistorized": 0,
                "unite": "",

                "configuration": {
                    "class": "0x25",
                    "value": "data[0].val"
                },
                "template": {
                    "dashboard": "prise",
                    "mobile": "prise"
                }
            },
            {
                "name": "On",
                "type": "action",
                "subtype": "other",
                "isVisible": 1,
                "value": "Etat",
                "configuration": {
                    "class": "0x25",
                    "value": "data[0].Set(255)"
                },
                "template": {
                    "dashboard": "prise",
                    "mobile": "prise"
                }
            },
            {
                "name": "Off",
                "type": "action",
                "subtype": "other",
                "isVisible": 1,
                "value": "Etat",
                "configuration": {
                    "class": "0x25",
                    "value": "data[0].Set(0)"
                },
                "template": {
                    "dashboard": "prise",
                    "mobile": "prise"
                }
            },
            {
                "name": "Puissance",
                "type": "info",
                "subtype": "numeric",
                "isVisible": 1,
                "isHistorized": 1,
                "unite": "W",

                "configuration": {
                    "class": "0x31",
                    "value": "data[4].val",
                    "maxValue": 2500,
                    "minValue": 0
                }
            },
            {
                "name": "Consommation",
                "type": "info",
                "subtype": "numeric",
                "isVisible": 1,
                "isHistorized": 0,
                "unite": "kWh",

                "configuration": {
                    "class": "0x32",
                    "value": "data[0].val"
                },
                "template": {
                    "dashboard": "tile"
                }
            }
        ]
   }