{
    "name": "Fibaro FGS-221 Double charge",
    "configuration" : {
        "conf_version" : 1
    },
   "commands": [
        {
            "name": "Confort",
            "type": "action",
            "subtype": "other",
            "isVisible": 1,
            "configuration": {
                "class": "0x25",
                "instanceId": "0&&1",
                "value": "data[0].Set(0)&&data[0].Set(0)"
            }
        },
        {
            "name": "Eco",
            "type": "action",
            "subtype": "other",
            "isVisible": 1,
            "configuration": {
                "class": "0x25",
                "instanceId": "0&&1",
                "value": "data[0].Set(255)&&data[0].Set(255)"
            }
        },
        {
            "name": "Hors Gel",
            "type": "action",
            "subtype": "other",
            "isVisible": 1,
            "configuration": {
                "class": "0x25",
                "instanceId": "0&&1",
                "value": "data[0].Set(0)&&data[0].Set(255)"
            }
        },
        {
            "name": "Off",
            "type": "action",
            "subtype": "other",
            "isVisible": 1,
            "configuration": {
                "class": "0x25",
                "instanceId": "0&&1",
                "value": "data[0].Set(255)&&data[0].Set(0)"
            }
        },
        {
            "name": "Etat",
            "type": "info",
            "subtype": "numeric",
            "isVisible": 1,
            "configuration": {
                "instanceId": "0&&1",
                "value": "pilotWire"
            },
            "template": {
                "dashboard": "heatPiloteWire",
                "mobile": "heatPiloteWire"
            }
        }
    ]
}