{
	"name" : "Fibaro FGS-212 [Simple Relay]",
    "configuration" : {
        "conf_version" : 1
    },
    "commands": [
            {
                "name": "Etat",
                "type": "info",
                "subtype": "binary",
                "isVisible": 0,
                "isHistorized": 0,
                "eventOnly": 1,
                "configuration": {
                    "class": "0x25",
                    "value": "data[0].val"
                }
            },
            {
                "name": "On",
                "type": "action",
                "subtype": "other",
                "isVisible": 1,
                "value": "Etat",
                "configuration": {
                    "class": "0x25",
                    "value": "data[0].Set(255)"
                },
                "template": {
                    "dashboard": "light",
                    "mobile": "light"
                }
            },
            {
                "name": "Off",
                "type": "action",
                "subtype": "other",
                "isVisible": 1,
                "value": "Etat",
                "configuration": {
                    "class": "0x25",
                    "value": "data[0].Set(0)"
                },
                "template": {
                    "dashboard": "light",
                    "mobile": "light"
                }
            }
        ]
   }