{
	"name" : "Fibaro FGSS-001 [Smoke Sensor]",
    "configuration" : {
        "conf_version" : 1
    },
    "commands": [
      {
        "name": "Fumées",
        "type": "info",
        "subtype": "binary",
        "isVisible": 1,
        "eventOnly": 1,
        "configuration": {
          "class": "0x9C",
          "instanceId": 0,
          "value": "data[1].val"
        },
        "display": {
          "invertBinary": "1"
        },
        "template": {
          "dashboard": "feu",
          "mobile": "feu"
        }
      },
	  {
        "name": "Chaleur",
        "type": "info",
        "subtype": "binary",
        "isVisible": 0,
        "eventOnly": 1,
        "configuration": {
          "class": "0x9C",
          "instanceId": 0,
          "value": "data[4].val"
        },
        "display": {
          "invertBinary": "1"
        },
        "template": {
          "dashboard": "feu",
          "mobile": "feu"
        }
      },
      {
        "name": "Sabotage",
        "type": "info",
        "subtype": "binary",
        "eventOnly": 1,
        "configuration": {
          "class": "0x9C",
          "instanceId": 0,
          "value": "data[0].val"
        },
        "display": {
          "invertBinary": "1"
        }
      },
      {
        "name": "Température",
        "type": "info",
        "subtype": "numeric",
        "unite": "°C",
        "isVisible": 1,
        "eventOnly": 1,
        "isHistorized": 1,
        "configuration": {
          "class": "0x31",
          "instanceId": 0,
          "value": "data[1].val"
        }
      },
      {
        "name": "Batterie",
        "type": "info",
        "subtype": "numeric",
        "unite": "%",
        "isVisible": 0,
        "configuration": {
          "class": "0x80",
          "instanceId": 0,
          "value": "data[0].val"
        },
        "template": {
          "dashboard": "tile",
          "mobile": "tile"
        }
      }
    ]
   }