{		
		"name": "EZ Motion 3 in 1",
		"configuration" : {
        "conf_version" : 1
		},
        "commands": [
            {
                "name": "Luminosité",
                "type": "info",
                "subtype": "numeric",
                "isVisible": 1,
                "configuration": {
                    "class": "0x31",
                    "instanceId": 0,
                    "value": "data[3].val"
                }
            },
            {
                "name": "Température",
                "type": "info",
                "subtype": "numeric",
                "isVisible": 1,
                "configuration": {
                    "class": "0x31",
                    "instanceId": 0,
                    "value": "data[1].val"
                }
            },
            {
                "name": "Présence",
                "type": "info",
                "subtype": "binary",
                "isVisible": 1,
                "configuration": {
                    "class": "0x30",
                    "instanceId": 0,
                    "value": "data[0].val",
                    "returnStateTime": "1",
                    "returnStateValue": "0"
                },
                "display": {
                    "invertBinary": "1"
                },
                "template": {
                    "dashboard": "presence",
                    "mobile": "presence"
                }
            },
            {
                "name": "Batterie",
                "type": "info",
                "subtype": "numeric",
                "isVisible": 0,
                "isHistorized": 0,
				"unite": "%",
                "configuration": {
                    "class": "0x80",
					"instanceId": 0,
                    "value": "data[0].val",
					"maxValue": 100,
                    "minValue": 0
                }
            }
        ]
}