{
		"name": "Zipato PAN04.eu",
       "configuration" : {
        "conf_version" : 1
		},
        "commands": [
            {
                "name": "On global",
                "type": "action",
                "subtype": "other",
                "isVisible": 1,
                "configuration": {
                    "class": "0x25",
                    "instanceId": 1,
                    "value": "data[0].Set(255)"
                }
            },
            {
                "name": "Off global",
                "type": "action",
                "subtype": "other",
                "isVisible": 1,
                "configuration": {
                    "class": "0x25",
                    "instanceId": 1,
                    "value": "data[0].Set(0)"
                }
            },
            {
                "name": "Etat global",
                "type": "info",
                "subtype": "numeric",
                "unite": "",
                "isVisible": 1,
                "configuration": {
                    "class": "0x25",
                    "instanceId": 1,
                    "value": "data[0].val"
                }
            },
            {
                "name": "Puissance globale",
                "type": "info",
                "subtype": "numeric",
                "isVisible": 1,
                "isHistorized": 1,
                "unite": "W",
                "configuration": {
                    "class": "0x32",
                    "instanceId": 1,
                    "value": "data[2].val",
                    "maxValue": 3200,
                    "minValue": 0
                }
            },
            {
                "name": "Consommation globale",
                "type": "info",
                "subtype": "numeric",
                "isVisible": 1,
                "isHistorized": 1,
                "unite": "kWh",
                "configuration": {
                    "class": "0x32",
                    "instanceId": 1,
                    "value": "data[0].val"
                }
            },
			{
                "name": "On 1",
                "type": "action",
                "subtype": "other",
                "isVisible": 1,
                "configuration": {
                    "class": "0x25",
                    "instanceId": 2,
                    "value": "data[0].Set(255)"
                }
            },
            {
                "name": "Off 1",
                "type": "action",
                "subtype": "other",
                "isVisible": 1,
                "configuration": {
                    "class": "0x25",
                    "instanceId": 2,
                    "value": "data[0].Set(0)"
                }
            },
            {
                "name": "Etat 1",
                "type": "info",
                "subtype": "numeric",
                "unite": "",
                "isVisible": 1,
                "configuration": {
                    "class": "0x25",
                    "instanceId": 2,
                    "value": "data[0].val"
                }
            },
            {
                "name": "Puissance 1",
                "type": "info",
                "subtype": "numeric",
                "isVisible": 1,
                "isHistorized": 1,
                "unite": "W",
                "configuration": {
                    "class": "0x32",
                    "instanceId": 2,
                    "value": "data[2].val",
                    "maxValue": 2000,
                    "minValue": 0
                }
            },
            {
                "name": "Consommation 1",
                "type": "info",
                "subtype": "numeric",
                "isVisible": 1,
                "isHistorized": 1,
                "unite": "kWh",
                "configuration": {
                    "class": "0x32",
                    "instanceId": 2,
                    "value": "data[0].val"
                }
            },
			{
                "name": "On 2",
                "type": "action",
                "subtype": "other",
                "isVisible": 1,
                "configuration": {
                    "class": "0x25",
                    "instanceId": 3,
                    "value": "data[0].Set(255)"
                }
            },
            {
                "name": "Off 2",
                "type": "action",
                "subtype": "other",
                "isVisible": 1,
                "configuration": {
                    "class": "0x25",
                    "instanceId": 3,
                    "value": "data[0].Set(0)"
                }
            },
            {
                "name": "Etat 2",
                "type": "info",
                "subtype": "numeric",
                "unite": "",
                "isVisible": 1,
                "configuration": {
                    "class": "0x25",
                    "instanceId": 3,
                    "value": "data[0].val"
                }
            },
            {
                "name": "Puissance 2",
                "type": "info",
                "subtype": "numeric",
                "isVisible": 1,
                "isHistorized": 1,
                "unite": "W",
                "configuration": {
                    "class": "0x32",
                    "instanceId": 3,
                    "value": "data[2].val",
                    "maxValue": 2000,
                    "minValue": 0
                }
            },
            {
                "name": "Consommation 2",
                "type": "info",
                "subtype": "numeric",
                "isVisible": 1,
                "isHistorized": 1,
                "unite": "kWh",
                "configuration": {
                    "class": "0x32",
                    "instanceId": 3,
                    "value": "data[0].val"
                }
            }
        ]
    }