{
	"name" : "Philio MultiSensor",
    "configuration" : {
        "conf_version" : 1
    },
    "commands": [
            {
                "name": "Présence",
                "type": "info",
                "subtype": "binary",
                "isVisible": 1,
                "isHistorized": 0,
                "eventOnly": 1,
                "configuration": {
                    "instanceId": 0,
                    "class": "0x30",
                    "value": "data[0].val",
					"returnStateTime": 1,
					"returnStateValue": 0
                },
                "display": {
                    "invertBinary": "1"
                },
                "template": {
                    "dashboard": "presence",
                    "mobile": "presence"
                }
            },
            {
                "name": "Ouverture",
                "type": "info",
                "subtype": "binary",
                "isVisible": 1,
                "isHistorized": 0,
                "eventOnly": 1,
                "configuration": {
                    "instanceId": 0,
                    "class": "0x30",
                    "value": "data[1].val"
                },
                "display": {
                    "invertBinary": "1"
                },
                "template": {
                    "dashboard": "door",
                    "mobile": "door"
                }
            },
            {
                "name": "Température",
                "type": "info",
                "subtype": "numeric",
                "isVisible": 1,
                "isHistorized": 1,
                "eventOnly": 1,
                "configuration": {
                    "instanceId": 0,
                    "class": "0x31",
                    "value": "data[1].val",
                    "unite": "°C"
                }
            },
            {
                "name": "Luminosité",
                "type": "info",
                "subtype": "numeric",
                "isVisible": 1,
                "isHistorized": 1,
                "eventOnly": 1,
                "configuration": {
                    "instanceId": 0,
                    "class": "0x31",
                    "value": "data[3].val",
                    "unite": "%",
                    "maxValue": 100,
                    "minValue": 0
                }
            },
            {
                "name": "Sabotage",
                "type": "info",
                "subtype": "binary",
                "isVisible": 1,
                "isHistorized": 0,
                "eventOnly": 1,
                "configuration": {
                    "instanceId": 0,
                    "class": "0x30",
                    "value": "data[2].val",
					"returnStateTime": 1,
					"returnStateValue": 0
                },
                "display": {
                    "invertBinary": "1"
                }
            },
            {
                "name": "Batterie",
                "type": "info",
                "subtype": "numeric",
                "isVisible": 0,
                "isHistorized": 0,
                "eventOnly": 0,
                "configuration": {
                    "instanceId": 0,
                    "class": "0x80",
                    "value": "data[0].val",
                    "unite": "%"
                }
            }
        ]
}