{
		"name": "Philio PAN06 In Wall Dual Relay (1 way) switch module",
        "configuration" : {
        "conf_version" : 1
		},
        "commands": [
            {
                "name": "On All",
                "type": "action",
                "subtype": "other",
                "isVisible": 1,
                "configuration": {
                    "class": "0x25",
                    "instanceId": 1,
                    "value": "data[0].Set(255)"
                }
            },
            {
                "name": "Off All",
                "type": "action",
                "subtype": "other",
                "isVisible": 1,
                "configuration": {
                    "class": "0x25",
                    "instanceId": 1,
                    "value": "data[0].Set(0)"
                }
            },
            {
                "name": "Etat All",
                "type": "info",
                "subtype": "binary",
                "isVisible": 1,
                "configuration": {
                    "class": "0x25",
                    "instanceId": 1,
                    "value": "data[0].val"
                }
            },
            {
                "name": "On 1",
                "type": "action",
                "subtype": "other",
                "isVisible": 1,
                "configuration": {
                    "class": "0x25",
                    "instanceId": 2,
                    "value": "data[0].Set(255)"
                }
            },
            {
                "name": "Off 1",
                "type": "action",
                "subtype": "other",
                "isVisible": 1,
                "configuration": {
                    "class": "0x25",
                    "instanceId": 2,
                    "value": "data[0].Set(0)"
                }
            },
            {
                "name": "Etat 1",
                "type": "info",
                "subtype": "binary",
                "isVisible": 1,
                "configuration": {
                    "class": "0x25",
                    "instanceId": 2,
                    "value": "data[0].val"
                }
            },
            {
                "name": "On 2",
                "type": "action",
                "subtype": "other",
                "isVisible": 1,
                "configuration": {
                    "class": "0x25",
                    "instanceId": 3,
                    "value": "data[0].Set(255)"
                }
            },
            {
                "name": "Off 2",
                "type": "action",
                "subtype": "other",
                "isVisible": 1,
                "configuration": {
                    "class": "0x25",
                    "instanceId": 3,
                    "value": "data[0].val"
                }
            },
            {
                "name": "Etat 2",
                "type": "info",
                "subtype": "binary",
                "isVisible": 1,
                "configuration": {
                    "class": "0x25",
                    "instanceId": 3,
                    "value": "data[0].val"
                }
            }
        ]
    }