{		
		"name" : "Qubino Flush 2 relay",
		"configuration" : {
        "conf_version" : 1
		},
		"commands" : [
			{
				"name" : "On Full",
				"type" : "action",
				"subtype" : "other",
				"isVisible" : 0,
				"configuration" :
				{
					"instanceId" : 0,
					"class" : "0x25",
					"value" : "data[0].Set(255)"
				}
			},
			{
				"name" : "Off Full",
				"type" : "action",
				"subtype" : "other",
				"isVisible" : 0,
				"configuration" :
				{
					"instanceId" : 0,
					"class" : "0x25",
					"value" : "data[0].Set(0)"
				}
			},
			{
				"name" : "On 1",
				"type" : "action",
				"subtype" : "other",
				"isVisible" : 1,
				"configuration" :
				{
					"instanceId" : 1,
					"class" : "0x25",
					"value" : "data[0].Set(255)"
				}
			},
			{
				"name" : "Off 1",
				"type" : "action",
				"subtype" : "other",
				"isVisible" : 1,
				"configuration" :
				{
					"instanceId" : 1,
					"class" : "0x25",
					"value" : "data[0].Set(0)"
				}
			},
			{
				"name" : "Etat 1",
				"type" : "info",
				"subtype" : "binary",
				"isVisible" : 1,
				"isHistorized" : 0,
				"eventOnly" : 1,
				"configuration" :
				{
					"instanceId" : 1,
					"class" : "0x25",
					"value" : "data[0].val"
				}
			},
			{
				"name" : "On 2",
				"type" : "action",
				"subtype" : "other",
				"isVisible" : 1,
				"configuration" :
				{
					"instanceId" : 2,
					"class" : "0x25",
					"value" : "data[0].Set(255)"
				}
			},
			{
				"name" : "Off 2",
				"type" : "action",
				"subtype" : "other",
				"isVisible" : 1,
				"configuration" :
				{
					"instanceId" : 2,
					"class" : "0x25",
					"value" : "data[0].Set(0)"
				}
			},
			{
				"name" : "Etat 2",
				"type" : "info",
				"subtype" : "binary",
				"isVisible" : 1,
				"isHistorized" : 0,
				"configuration" :
				{
					"instanceId" : 2,
					"class" : "0x25",
					"value" : "data[0].val"
				}
			},
			{
				"name" : "Température",
				"type" : "info",
				"subtype" : "numeric",
				"isVisible" : 1,
				"isHistorized" : 1,
				"unite" : "°C",
				"configuration" :
				{
					"instanceId" : 0,
					"class" : "0x31",
					"value" : "data[1].val"
				}
			},
			{
				"name" : "Power",
				"type" : "info",
				"subtype" : "numeric",
				"isVisible" : 1,
				"isHistorized" : 1,
				"unite" : "W",
				"configuration" :
				{
					"instanceId" : 0,
					"class" : "0x32",
					"value" : "data[8].val",
					"minValue" : 0,
					"maxValue" : 1840
				}
			},
			{
				"name" : "Consommation",
				"type" : "info",
				"subtype" : "numeric",
				"isVisible" : 1,
				"isHistorized" : 1,
				"unite" : "kWh",
				"configuration" :
				{
					"instanceId" : 0,
					"class" : "0x32",
					"value" : "data[0].val"
				}
			}
			
		]
	}

