{
		"name": "Qubino ZMNHCA2 Module Volets roulants Encastrable",
        "configuration" : {
        "conf_version" : 1
		},
        "commands": [
            {
                "name": "Etat",
                "type": "info",
                "subtype": "binary",
                "isVisible": 1,
                "configuration": {
                    "class": "0x26",
                    "value": "data[0].val"
                },
                "template": {
                    "dashboard": "store",
                    "mobile": "store"
                }
            },
			{
                "name": "Descendre",
                "type": "action",
                "subtype": "other",
                "isVisible": 1,
                "configuration": {
                    "class": "0x26",
                    "value": "data[0].Set(0)"
                },
                "display" : {
                    "icon" : "<i class=\"fa fa-arrow-down\"></i>"
                }
            },
            {
                "name": "Monter",
                "type": "action",
                "subtype": "other",
                "isVisible": 1,
                "configuration": {
                    "class": "0x26",
                    "value": "data[0].Set(99)"
                },
                "display" : {
                    "icon" : "<i class=\"fa fa-arrow-up\"></i>"
                }
            },
			{
                "name": "Température",
                "type": "info",
                "subtype": "numeric",
                "isVisible": 1,
				"isHistorized": 1,
                "unite": "°C",
                "configuration": {
                    "class": "0x31",
                    "value": "data[1].val"
                },
                "template": {
                    "dashboard": "badge",
                    "mobile": "badge"
                }
            },
			{
                "name": "Consommation",
                "type": "info",
                "subtype": "numeric",
				"isVisible": 0,
				"isHistorized": 1,
                "unite": "kWh",
                "configuration": {
                    "class": "0x32",
                    "value": "data[0].val"
                },
                "template": {
                    "dashboard": "tile",
                    "mobile": "tile"
                }
            },
            {
                "name": "Rafraichir",
                "type": "action",
                "subtype": "other",
                "isVisible": 0,
                "configuration": {
                    "class": "0x26",
                    "value": "Get()"
                },
                "display" : {
                    "icon" : "<i class=\"fa fa-refresh\"></i>"
                }
            }
        ]
    }
