{
		"name": "Everspring SF812",
        "configuration" : {
        "conf_version" : 1
		},
       "commands": [
            {
                "name": "Alarme",
                "type": "info",
                "subtype": "binary",
                "isVisible": 1,
                "isHistorized": 1,
                "configuration": {
                    "class": "0x9C",
                    "value": "data[0].val"
                },
                "display": {
                    "invertBinary": "1"
                },
                 "template": {
                    "dashboard": "feu",
                    "mobile": "feu"
                }
            }
        ]
    }
