{
		"name": "Everspring SM103",
        "configuration" : {
        "conf_version" : 1
    },
        "commands": [
            {
                "name": "Etat",
                "type": "info",
                "subtype": "binary",
                "isVisible": 1,
                "isHistorized": 1,
                "configuration": {
                    "class": "0x30",
                    "value": "data[0].val"
                },
                "display": {
                    "invertBinary": "1"
                }
            },
            {
                "name": "Batterie",
                "type": "info",
                "subtype": "numeric",
                "unite": "%",
                "isVisible": 0,
                "configuration": {
                    "class": "0x80",
                    "instanceId": 0,
                    "value": "data[0].val"
                }
            }
        ]
    }
