{	
		"name": "Everspring AD142-6",
        "configuration" : {
        "conf_version" : 1
		},
        "commands": [
            {
                "name": "Etat",
                "type": "info",
                "subtype": "numeric",
                "isVisible": 1,
                "isHistorized": 0,
                "unite": "%",
                "configuration": {
                    "class": "0x26",
                    "value": "data[0].val"
                },
                "template": {
                    "dashboard": "prise",
                    "mobile": "prise"
                }
            },
            {
                "name": "On",
                "type": "action",
                "subtype": "other",
                "isVisible": 1,
                "configuration": {
                    "class": "0x26",
                    "value": "data[0].Set(99)"
                }
            },
            {
                "name": "Off",
                "type": "action",
                "subtype": "other",
                "isVisible": 1,
                "configuration": {
                    "class": "0x26",
                    "value": "data[0].Set(0)"
                }
            },
            {
                "name": "Intensité",
                "type": "action",
                "subtype": "slider",
                "isVisible": 1,
                "configuration": {
                    "class": "0x26",
                    "value": "data[0].Set(#slider#)"
                }                
            }
        ]
    }

