{		
		"name": "Everspring AN158",
		"configuration" : {
        "conf_version" : 1
		},
        "commands": [
            {
                "name": "Puissance",
                "type": "info",
                "subtype": "numeric",
                "isVisible": 1,
                "isHistorized": 1,
                "unite": "W",
                "configuration": {
                    "class": "0x32",
                    "value": "data[8].val",
                    "maxValue": 3000,
                    "minValue": 0
                }
            },
            {
                "name": "Consommation",
                "type": "info",
                "subtype": "numeric",
                "isVisible": 1,
                "isHistorized": 0,
                "unite": "kWh",
                "configuration": {
                    "class": "0x32",
                    "value": "data[0].val"
                },
                "template": {
                    "dashboard": "tile"
                }
            },
            {
                "name": "Etat",
                "type": "info",
                "subtype": "binary",
                "isVisible": 1,
                "isHistorized": 0,
                "unite": "",
                "configuration": {
                    "class": "0x25",
                    "value": "data[0].val"
                },
                "template": {
                    "dashboard": "prise",
                    "mobile": "prise"
                }
            },
            {
                "name": "On",
                "type": "action",
                "subtype": "other",
                "isVisible": 1,
                "configuration": {
                    "class": "0x25",
                    "value": "data[0].Set(255)"
                }
            },
            {
                "name": "Off",
                "type": "action",
                "subtype": "other",
                "isVisible": 1,
                "configuration": {
                    "class": "0x25",
                    "value": "data[0].Set(0)"
                }
            }
        ]
    }
