{
    "name" : "ST814",
    "configuration" : {
        "conf_version" : 5
    },
    "commands": [
        {
            "name": "Humidité",
            "type": "info",
            "subtype": "numeric",
            "isVisible": 1,
            "unite" : "%",
            "isHistorized": 1,
            "configuration": {
                "class": "0x31",
                "value": "data[5].val"
            }
        },
        {
            "name": "Température",
            "type": "info",
            "subtype": "numeric",
            "isVisible": 1,
            "unite" : "°C",
            "isHistorized": 1,
            "configuration": {
                "class": "0x31",
                "value": "data[1].val"
            }
        }
    ],
    "configuration": {
        "1" : {
            "name" : "Niveau basic",
            "help" : "Définit le niveau à partir duquel un évènement est envoyé au groupe 2. 0 pour le désactiver"
        },
        "2" : {
            "name" : "Seuil alarme température haute",
            "help" : "Définit la température à partir de laquel un évènement ON est envoyé au groupe 2. 99 pour le désactiver"
        },
        "3" : {
            "name" : "Seuil alarme température basse",
            "help" : "Définit la température en dessous de laquel un évènement OFF est envoyé au groupe 2. 99 pour le désactiver"
        },
        "4" : {
            "name" : "Seuil alarme humidité haute",
            "help" : "Définit le niveau d'humidité à partir duquel un évènement ON est envoyé au groupe 2. 99 pour le désactiver"
        },
        "5" : {
            "name" : "Seuil alarme humidité basse",
            "help" : "Définit le niveau d'humidité en dessous duquel un évènement OFF est envoyé au groupe 2. 99 pour le désactiver"
        },
        "6" : {
            "name" : "Délai entre 2 rapports",
            "help" : "Définit le délai entre 2 rapports en minute. 0 pour le désactiver"
        },
        "7" : {
            "name" : "Délai entre 2 rapports de température",
            "help" : "Définit le délai entre 2 rapports de température en minute. 0 pour le désactiver"
        },
        "8" : {
            "name" : "Délai entre 2 rapports d'humidité",
            "help" : "Définit le délai entre 2 rapports d'humidité en minute. 0 pour le désactiver"
        }
    }
    
}